{"Manhattan, Midtown": [40.7601133, -73.97816538369028], "Brooklyn, Clinton Hill": [40.6897222, -73.9652778], "Manhattan, Murray Hill": [40.7481574, -73.97875], "Manhattan, Hell's Kitchen": [40.7644228, -73.9923918], "Manhattan, Chinatown": [40.7164913, -73.9962504], "Manhattan, Upper West Side": [40.7870455, -73.9754163], "Brooklyn, South Slope": [40.6604004, -73.9944088], "Brooklyn, Williamsburg": [40.714622, -73.95345], "Brooklyn, Fort Greene": [40.6907711, -73.9766245], "Manhattan, Chelsea": [40.7464906, -74.0015283], "Brooklyn, Crown Heights": [40.667471, -73.9435662], "Brooklyn, Park Slope": [40.6701033, -73.9859723], "Brooklyn, Bedford-Stuyvesant": [40.6834364, -73.9412488], "Brooklyn, Windsor Terrace": [40.65348695, -73.97719596197135], "Manhattan, Inwood": [40.8692579, -73.9204949], "Manhattan, East Village": [40.7292688, -73.9873613], "Manhattan, Harlem": [40.8078786, -73.9454154], "Brooklyn, Greenpoint": [40.7237134, -73.9509714], "Brooklyn, Bushwick": [40.6942696, -73.9187482], "Manhattan, Lower East Side": [40.7159357, -73.9868057], "Brooklyn, Prospect-Lefferts Gardens": [40.6813072, -73.96189367627562], "Queens, Long Island City": [40.7455316, -73.9484995], "Manhattan, Kips Bay": [40.7395463, -73.9770832], "Manhattan, SoHo": [40.72288, -73.9987505], "Manhattan, Upper East Side": [40.7743831, -73.9646405], "Brooklyn, Prospect Heights": [40.6778708, -73.9684725], "Manhattan, East Harlem": [40.7947222, -73.9425], "Manhattan, Washington Heights": [40.8401984, -73.9402214], "Queens, Woodside": [40.7453798, -73.9054145], "Brooklyn, Flatbush": [40.6520481, -73.959027], "Brooklyn, Carroll Gardens": [40.6784201, -73.9948021], "Manhattan, West Village": [40.7341857, -74.00558], "Brooklyn, Flatlands": [40.6212155, -73.9348597], "Queens, Sunnyside": [40.7398242, -73.9354153], "Brooklyn, Gowanus": [40.6791695, -73.9885041], "Staten Island, St. George": [40.644548, -74.0801415], "Bronx, Highbridge": [40.84208015, -73.92685791605194], "Manhattan, Financial District": [40.7076681, -74.009271], "Queens, Ridgewood": [40.7080556, -73.9141667], "Manhattan, Morningside Heights": [40.81, -73.9625], "Queens, Jamaica": [40.7029134, -73.8006429], "Queens, Middle Village": [40.718222749999995, -73.87867894730417], "Queens, Ditmars Steinway": [40.7727213, -73.9061135], "Brooklyn, Cobble Hill": [40.687547, -73.9973352], "Manhattan, Flatiron District": [40.7410722, -73.9896534], "Manhattan, Roosevelt Island": [40.76133675, -73.95028526170718], "Manhattan, Greenwich Village": [40.7319802, -73.9965658], "Brooklyn, East Flatbush": [40.6537148, -73.9304151], "Staten Island, Tompkinsville": [40.6364926, -74.0854193], "Queens, Astoria": [40.7720145, -73.9302673], "Brooklyn, Kensington": [40.6462149, -73.970694], "Bronx, Eastchester": [40.9466867, -73.8339585], "Manhattan, Little Italy": [40.7192728, -73.9982152], "Bronx, Kingsbridge": [40.8787051, -73.9051408], "Brooklyn, Brooklyn Heights": [40.696084850000005, -73.9950278391265], "Manhattan, Two Bridges": [40.7112884, -73.9922333], "Queens, Queens Village": [40.7267692, -73.7415208], "Queens, Forest Hills": [40.7195942, -73.8448553], "Brooklyn, Boerum Hill": [40.68562615, -73.98417065807277], "Manhattan, Nolita": [40.7229886, -73.994558], "Bronx, Woodlawn": [40.8862717, -73.8785813], "Bronx, University Heights": [40.8601, -73.909303], "Manhattan, Gramercy": [40.7355189, -73.9840794], "Bronx, Allerton": [40.8654299, -73.8673652], "Brooklyn, East New York": [40.6667702, -73.8823583], "Manhattan, Theater District": [40.7579801, -73.9855452], "Bronx, Concourse Village": [40.8225184, -73.920134], "Brooklyn, Bensonhurst": [40.6049772, -73.9934061], "Manhattan, Tribeca": [40.7153802, -74.0093063], "Staten Island, Shore Acres": [40.6086375, -74.0619337], "Bronx, Concourse": [40.8185039, -73.9270562], "Brooklyn, DUMBO": [40.7029052, -73.990118], "Queens, Elmhurst": [40.7365804, -73.8783932], "Queens, Jackson Heights": [40.7556561, -73.8857755], "Staten Island, Arrochar": [40.5984379, -74.0726412], "Queens, Rego Park": [40.72286495, -73.86210252803048], "Bronx, Wakefield": [40.9061538, -73.8556992], "Staten Island, Clifton": [40.6201041, -74.0770857], "Brooklyn, Bay Ridge": [40.6320062, -74.0232101], "Staten Island, Graniteville": [40.6250747, -74.1487418], "Bronx, Spuyten Duyvil": [40.8812107, -73.9173588], "Staten Island, Stapleton": [40.6264774, -74.0776361], "Brooklyn, Columbia St": [40.6711921, -74.0087461], "Brooklyn, Canarsie": [40.643715, -73.9006921], "Brooklyn, Sunset Park": [40.644337, -74.007532], "Manhattan, Civic Center": [40.7136793, -74.0024042], "Queens, East Elmhurst": [40.7612123, -73.8651358], "Brooklyn, Brighton Beach": [40.57964365, -73.96111022551311], "Bronx, Morris Heights": [40.844932, -73.9264186], "Queens, Flushing": [40.7654301, -73.8174291], "Brooklyn, Gravesend": [40.5961338, -73.9739426], "Brooklyn, Cypress Hills": [40.6770477, -73.8912474], "Staten Island, Tottenville": [40.5090747, -74.2468867], "Manhattan, NoHo": [40.7258746, -73.9939566], "Staten Island, Mariners Harbor": [40.6367701, -74.1587547], "Staten Island, Concord": [40.6081599, -74.0843081], "Brooklyn, Borough Park": [40.633993, -73.9968059], "Queens, Bayside": [40.7684351, -73.7770774], "Brooklyn, Downtown Brooklyn": [40.691572050000005, -73.98676437292062], "Bronx, Fieldston": [40.8944444, -73.9033333], "Queens, Kew Gardens": [40.7139415, -73.830742], "Queens, College Point": [40.7876014, -73.8459682], "Bronx, Mount Eden": [40.8443436, -73.9147452], "Queens, Briarwood": [40.7092563, -73.8201394], "Brooklyn, Vinegar Hill": [40.6934301, -73.9985794], "Queens, Glendale": [40.7014917, -73.8868028], "Brooklyn, Red Hook": [40.6751032, -74.0095841], "Bronx, Port Morris": [40.8015147, -73.9095811], "Queens, Arverne": [40.5934173, -73.7895462], "Bronx, Mott Haven": [40.8089897, -73.9229147], "Queens, St. Albans": [40.6984364, -73.7606881], "Brooklyn, Midwood": [40.6188823, -73.9654889], "Brooklyn, Sheepshead Bay": [40.5912161, -73.9445822], "Queens, Maspeth": [40.723158, -73.912637], "Bronx, Williamsbridge": [40.87762425, -73.87752006260061], "Queens, Woodhaven": [40.6892698, -73.8579131], "Manhattan, Battery Park City": [40.7110166, -74.0169369], "Bronx, Co-op City": [40.9115386, -73.7826363], "Brooklyn, Dyker Heights": [40.6204716, -74.0116668], "Bronx, Longwood": [40.8162916, -73.8962205], "Queens, Richmond Hill": [40.6994253, -73.8309672], "Brooklyn, Sea Gate": [40.57674, -74.00752080668272], "Bronx, Riverdale": [40.90056, -73.90639], "Queens, Kew Gardens Hills": [40.7274987, -73.82172037073292], "Queens, Ozone Park": [40.67677, -73.8437461], "Bronx, Soundview": [40.8294972, -73.8746243], "Queens, Bay Terrace": [40.7756, -73.7797], "Bronx, Norwood": [40.8772593, -73.8768626], "Brooklyn, Brownsville": [40.665306, -73.9124755], "Staten Island, Eltingville": [40.5453831, -74.1656988], "Queens, Rockaway Beach": [40.5845085, -73.81679], "Brooklyn, Navy Yard": [40.6997716, -73.9753359], "Bronx, Mount Hope": [40.8525714, -73.90534040085426], "Bronx, Clason Point": [40.8147164, -73.8599648], "Queens, Springfield Gardens": [40.678159, -73.746521], "Queens, Belle Harbor": [40.5767844, -73.84782868947303], "Queens, Jamaica Estates": [40.71334555, -73.78251095420785], "Bronx, Van Nest": [40.8484336, -73.8637463], "Queens, Bellerose": [40.7327778, -73.7177778], "Queens, Fresh Meadows": [40.7348246, -73.7934668], "Staten Island, West Brighton": [40.6214076, -74.07744016961779], "Queens, Corona": [40.7469593, -73.8601456], "Queens, Bayswater": [40.6102778, -73.7672222], "Staten Island, Great Kills": [40.5542718, -74.1515318], "Brooklyn, Manhattan Beach": [40.5766309, -73.9409798480918], "Staten Island, Dongan Hills": [40.588438, -74.0962528], "Brooklyn, Fort Hamilton": [40.6187154, -74.0331957], "Manhattan, Stuyvesant Town": [40.731971099999996, -73.9780927778321], "Bronx, East Morrisania": [40.8246247, -73.91169713246813], "Bronx, Hunts Point": [40.8126008, -73.8840247], "Queens, Neponsit": [40.572873200000004, -73.86019612553424],